Contributor,Commits,Added,Deleted,Repos
flathubbot,20321,200626,204289,847
hfiguiere,2608,68876,43341,735
barthalion,2039,51242,134706,413
bilelmoussaoui,940,22690,13768,341
TingPing,2037,16075,13681,296
bbhtt,960,43269,83766,288
nedrichards,515,5419,3517,250
AsciiWolf,718,12883,7291,233
lionirdeadman,300,4965,3052,217
eszlari,920,21644,14705,214
alexlarsson,335,13626,4142,204
travier,594,5707,3986,187
jurf,466,8386,7291,174
matthiasclasen,624,5616,4524,156
rexcze,154,308,308,154
Justinzobel,214,840,857,147
JakobDev,347,7250,2566,145
tsdgeos,1895,17010,17056,133
JobLeonard,130,260,0,130
LeandroStanger,513,2340,3321,118
Mailaender,269,35400,2300,112
Erick555,559,50064,19819,99
flyingcakes85,212,7924,1718,93
razzeee,240,4269,19879,91
A6GibKm,780,25162,31199,89
cho2,1163,4917,5108,77
FakeShemp,626,15416,9238,72
wjt,609,11884,6502,67
gasinvein,880,106424,75295,65
Eonfge,933,25729,21867,61
tim77,946,55584,42758,47
VoxelCubes,79,3018,1050,47
dgcampea,106,35270,32160,42
cosimoc,160,20082,1999,42
TheEvilSkeleton,232,3925,2979,38
corecontingency,125,1998,1399,36
Lctrs,506,4705,4004,36
grulja,185,6031,4088,36
farribeiro,143,598,705,35
Alexander-Wilms,540,10195,8085,35
proletarius101,538,609085,411114,33
Unrud,790,15921,11463,30
tchx84,181,14937,8734,30
muelli,539,493063,495922,29
tinywrkb,408,64436,42626,27
github-actions[bot],1068,259661,288605,26
hadess,667,103954,44812,25
sparshg,110,1562,453,25
refi64,333,264002,181912,24
kevinsmia1939,363,18360,14532,24
SudoSu-bham,24,72,0,24
CarlSchwan,112,52193,787,22
BigmenPixel0,98,1140,883,21
dependabot[bot],89,289,264,20
guihkx,245,13642,8279,20
ghisvail,583,81097,61641,20
Newbytee,87,2616,2386,19
ramcq,89,3729,288,19
catsout,296,349738,334040,19
BeverlyCode,351,1115,472,19
orowith2os,127,2975,18501,18
Zishan-Rahman,167,9104,2012,18
dylanmccall,174,135679,46565,17
cpba,247,2973,1894,17
jgarciao,17,30,26,17
pizzadude,34,270,114,17
sonnyp,101,13942,3760,17
Calinou,347,9275,2285,17
alexkdeveloper,361,1738,11373,17
ColinKinloch,117,3875,2501,16
nbenitez,42,22898,3240,16
alatiera,43,454,870,15
vchernin,202,5719,3617,14
danigm,209,2669,1420,14
cassidyjames,113,723,560,14
s96Abrar,138,2015,277,14
scx,218,98863,22053,13
jbruechert,231,11203,7386,13
espidev,149,1457,1041,13
AppleMayExist,30,1401,681,12
j8r,190,1712,2023,12
der-eismann,33,451,150,12
Etaash-mathamsetty,29,74,70,12
BurnerWah,24,57,9,12
HugLifeTiZ,29,437,125,11
X-m7,81,8550,4879,11
prodrigestivill,165,2057,1127,11
BrainBlasted,31,487,199,11
gottcode,270,824,465,11
Lunarequest,338,161015,103961,10
madoka773,121,3603,2930,10
Kekun,20,1031,76,10
sat3ll,92,924,538,10
GeorgesStavracas,74,1396,1134,10
DaPigGuy,14,136,24,10
xduugu,41,1348,33360,10
nahpotato,28,243,66,10
alice-mkh,23,335,367,9
tilosp,147,773,770,9
AsavarTzeth,305,12623,11160,9
ahayzen,29,350,231,9
aleixpol,165,6969,4247,9
pm4rcin,10,19,81,9
Ferenc-,46,2433,1118,8
manuq,28,959,376,8
Lonsfor,77,1140,316,8
oscfdezdz,27,149,116,8
alexthemighty,38,711,249,8
priahoud,22,1060,70,8
swsnr,112,15115,7546,8
go-ten,11,22,22,8
kowalski7cc,127,4354,1568,8
librebob,60,859,458,8
iavael,10,59,33,8
faveoled,56,1523,468,8
nanonyme,245,2510,2231,8
joshua-stone,221,2896,2608,8
Pixelnarium,71,8557,4419,8
rafaelmardojai,66,685,339,7
stan-janssen,7,152,1,7
joshuag1000,91,1401,852,7
Mikaela,11,24,15,7
ananace,123,2723,2733,7
valentindavid,64,8651,238,7
evan-a-a,17,307,27264,7
pwithnall,10,59,12,7
vulpes2,21,275,105,7
Murmele,168,4425,3191,7
darkdragon-001,105,2165,1675,7
RebeccaWallanderSoftwerk,20,1617,195,7
christianrauch,56,725,907,7
pcercuei,36,395,206,7
Aman9das,50,73943,8237,7
BryanQuigley,13,270,124,7
fastrizwaan,503,10345,7254,7
lainsce,47,100,62,7
jorio,19,286,616,7
g-maxime,72,1641,693,7
sophie-h,45,13993,6496,6
bochecha,26,356,114,6
SISheogorath,151,1660,1244,6
rany2,225,13419,14529,6
Pobega,90,1371,493,6
ranisalt,7,104,100,6
deadmeu,7,14,9,6
reisaraujo-miguel,12,7034,405,6
binaryfields,55,1694,852,6
x80486,49,871,814,6
patriziobruno,51,807,323,6
keshavbhatt,92,1903,939,6
p1u3o,37,859,520,6
ElXreno,170,2710,1405,6
linkmauve,60,1954,758,6
srevinsaju,10,2487,307,6
Miepee,31,1270,407,6
Pointedstick,19,878,364,6
Nokse22,93,922,627,6
fpiesche,104,3872,2018,6
bellegarde-c,121,1752,666,6
hughsie,148,2730,1833,6
nicolasfella,20,760,122,6
freundTech,6,6635,184,5
takluyver,36,400,100,5
bztd,101,2179,1438,5
zocker-160,80,1445,1434,5
fedelibre,102,3875,2859,5
horas13,7,14,15,5
dusansimic,60,75183,48865,5
paolostivanin,79,953,735,5
vrutkovs,6,388,181,5
joaquimrocha,80,292097,288958,5
arteymix,77,762,244,5
spazziale,27,1210,359,5
Doomsdayrs,203,6055,3183,5
jmaibaum,186,4872,3412,5
ntninja,60,4377,2992,5
RobLoach,232,5743,3319,5
akallabeth,54,1508,1107,5
picsel2,7,15,10,5
Bleuzen,131,1140,623,5
ryonakano,36,639,281,5
soredake,6,10,4,5
SeaDve,84,1488,1268,5
nalsai,7,23,14,5
ourigen,5,5,5,5
twelho,9,121,7,5
marcelovbcfilho,5,6,2,5
JamesBelchamber,6,57,8,5
mbugni,37,1042,297,5
mijorus,231,1339,747,5
tintou,11,191,99,5
ctron,13,181,34,5
tomcoldrick-ct,9,17,81,5
debfx,15,122,139,5
jwillikers,142,25756,14982,5
akurtakov,51,199,201,5
doraskayo,26,92,186,5
xylo04,40,1223,933,5
yajo,25,908,87,5
koroshiya,51,666,139,5
ximion,38,1800,717,5
fsobolev,43,2062,1390,5
actions-user,131,1204,985,5
rakonkido,10,20,10,5
ovari,21,315,134,5
pedrolcl,74,853,505,5
mathiascode,47,908,840,5
plata,53,3772,439,5
subpop,22,367,36,4
sungsphinx,9,177,42,4
sebastian-de,32,9307,1980,4
mbooth101,21,3687,3411,4
rszibele,32,2019,775,4
daenney,14,196,23,4
Merrit,97,1443,732,4
adil192,141,1399,931,4
kvuj,5,51,20,4
ghazyami,53,1071,348,4
samy-k97,12,194,139,4
Hofer-Julian,75,759,869,4
frantisekz,4,12,12,4
rmnvgr,79,1559,1073,4
istori1,129,46030,6571,4
Parnassius,62,1101,774,4
eduardosm,18,190,54,4
mwleeds,19,259,317,4
g-fb,94,1060,759,4
andrunko,13,679,89,4
MateusRodCosta,44,864,451,4
Cogitri,28,1636,307,4
Oppzippy,22,6479,2548,4
lachhebo,56,996,639,4
TobiasFella,9,222,26,4
vikdevelop,308,6330,6174,4
BeatLink,50,186,147,4
junjieyuan,8,5,12,4
starnight,38,1050,616,4
haecker-felix,61,1322,898,4
amtlib-dot-dll,21,685,53,4
Steinhagen,9,209,1035,4
leinardi,116,4826,3388,4
wsgalaxy,44,2287,1640,4
julianfairfax,22,543,166,4
iMonZ,5,5,3,4
ranfdev,38,2221,2050,4
loganmc10,41,513,91,4
albfan,18,639,290,4
lu9dce,52,692,947,4
rishabh3354,23,1863,325,4
CleoMenezesJr,50,1194,359,4
JoshuaMacklin,11,49,37,4
CharlieQLe,77,21082,8032,4
nate-xyz,44,8443,356,4
lazka,61,17055,16484,4
EliasTheGrandMasterOfMistakes,15,126,37,4
keplersj,8,636,6,4
philn,49,713,630,4
Krafting,58,848,440,4
jakobjakobson13,21,113,174,4
dginovker,97,873,453,4
me00001,25,5884,1977,4
GabMus,52,2486,1180,4
evfool,19,87,76,4
mvainola,28,142,119,4
andreasn,4,35,29,4
ykgmfq,54,1140,725,4
reptofrog,4,8,4,4
bkmeneguello,4,20,20,4
kayomn,5,40,5,4
TuxTheAstronaut,4,6632,179,4
vulongm,68,20980,17682,4
nlogozzo,289,22208,22072,4
janbrummer,30,1894,758,4
MartinBriza,46,225,86,3
bam80,4,37,1,3
LLNet,5,23,20,3
bk138,23,151,22,3
OpenSauce04,29,7025,383,3
har9862,7,35,44,3
RayJW,21,306,254,3
f-koehler,54,251,172,3
fat0troll,49,3077,374,3
EchedelleLR,6,25598,16863,3
ebassi,37,295,149,3
sielicki,8,168,65,3
MightyCreak,22,87,46,3
hmenke,16,1207,40,3
FineFindus,14,119,86,3
kukabu,5,47,172,3
gcaguilar,38,158,128,3
hexchain,3,124,2,3
vroger11,4,6,2,3
mpi3d,17,501,27,3
chrisx8,3,3,0,3
ernstp,15,975,33,3
detjensrobert,3,11,9,3
ZVNexus,41,1535,789,3
rderooy,117,1586,830,3
uajain,4,19073,5,3
fkinoshita,15,32,33,3
jsparber,7,2603,8,3
thiblahute,12,855,1726,3
prateekmedia,82,2491,2320,3
teohhanhui,3,8,16,3
jameswestman,11,84,38,3
tfuxu,23,966,335,3
0xMRTT,43,1337,894,3
mavit,3,30,5,3
simonschmeisser,4,12,2,3
GeckoEidechse,16,342,147,3
PunkPangolin,7,114,2478,3
emmanueltouzery,48,16345,4867,3
yselkowitz,3,7,2,3
Huluti,47,2548,1261,3
muriloventuroso,64,520,158,3
Laserlicht,80,824,513,3
violetmage,5,40,20,3
danilown,12,461,372,3
4ndyZ,3,4,0,3
prcastro,10,475,110,3
phw,23,120,224,3
gabibbo97,9,151,105,3
blt-r,47,9386,3882,3
Beryesa,7,74,45,3
ptomato,30,967,1116,3
rmader,7,19,17,3
abderrahim,3,20,261,3
mamoit,3,15,18,3
MatMaul,83,3323,3357,3
wberrier,61,5481,1027,3
kusma,13,415,117,3
apollo13,5,50,103,3
baarkerlounger,23,5356,5253,3
mfschumann,131,6323,4488,3
palvarez89,6,9,9,3
kparal,103,1795,1066,3
WhyNotHugo,22,340,203,3
otuva,34,1078,685,3
Zlopez,31,187,116,3
RyuzakiKK,36,2173,2045,3
jntesteves,6,30,5,3
dac73,73,1832,1753,3
zWhdmB5T,15,57,27,3
joshas,19,413,484,3
kebekus,49,485,686,3
Jean28518,27,1012,1841,3
marlam,10,424,90,3
Schmiddiii,135,12721,18149,3
GeopJr,56,806,475,3
ItsJamie9494,24,606,403,3
idunno101,32,631,196,3
expatjedi,25,490,156,3
nickavem,50,339,128,3
Foldex,21,285,46,3
tijder,49,908,564,3
Diego-Ivan,80,362,170,3
giantpinkrobots,52,602,941,3
hmlendea,71,4898,3934,3
ilya-fedin,254,3500,3121,3
Scrumplex,32,730,527,3
filipestevao,52,1301,579,3
axtloss,39,954,165,3
adhami3310,52,18144,10085,3
gregorni,11,160,8,3
plfiorini,41,432,236,3
1player,5,55,47,3
dsd,14,1002,312,3
charlesthobe,11,45,19,3
christian-rauch,41,1491,425,3
skierpage,4,66,18,3
keyiflerolsun,68,3391,2286,3
louib,5,59,713,3
EliasOfWaffle,11,32,31,3
Marko10-000,12,211,77,3
cazfi,19,2371,1153,3
felipeborges,119,57716,5125,3
chergert,226,11842,2413,3
mcatanzaro,33,101,124,3
nielsdg,16,618,313,3
fmuellner,70,3321,2881,3
cmfwyp,3,54,78,3
sukahiroaki,6,7,22,3
ZanderBrown,7,3261,46,3
pjhanzlik,3,6647,177,3
dulvui,26,220,140,3
ndarilek,16,392,217,3
mogwa1,23,149,82,3
Amit0617,33,475,227,3
ImBearChild,3,34,2,3
stuartlangridge,13,230,97,3
cbm755,194,1889,1581,3
rncbc,98,479,450,3
riomccloud,31,472,163,3
mikix,64,2513,1466,2
Mar0xy,59,490,10841,2
linuxrider,3,10,4,2
xjuan,20,134,315,2
taunoe,35,645,395,2
protheory8,2,34,15,2
jascrain,65,507,68,2
Arcitec,9,31,64,2
olea,16,687,357,2
MartinIIoT,9,38,29,2
ninjawarrior1337,51,940,620,2
TheJackiMonster,53,1067,604,2
oomfiee,3,34,24,2
GamzeeRakoon,6,39,15,2
andrevmatos,68,30617,30426,2
LorbusChris,6,31,19,2
KucharczykL,2,6,10,2
liberodark,2,2,2,2
dbkr,4,4,2,2
hoh,8,40,32,2
stawidy,28,134,108,2
su-ex,46,328,408,2
chenyuanrun,6,181,37,2
floers,25,124,57,2
nmlynch94,15,3852,44,2
dos1,9,229,31,2
agateau,18,227,158,2
klausenbusk,24,294,56,2
goosepirate,2,3,2,2
jlelse,4,18,16,2
junglerobba,10,55,45,2
caspermeijn,30,158,125,2
taaem,3,4,0,2
Malom-ctrl,31,239,67,2
alosarjos,6,121,30,2
rhamzeh,3,11,9,2
CodeMouse92,16,279,116,2
auroraanna,20,190,113,2
jcleng,60,869,481,2
sigulete,22,143,66,2
pedrovanzella,2,4,2,2
Viliansh,3,9,5,2
SalimTerryLi,8,169,15,2
xworld21,2,3,5,2
mariospr,6,585,9,2
eminfedar,25,4853,1384,2
brunofin,23,7871,255,2
RossComputerGuy,17,123,46,2
keenanweaver,2,10,1,2
ADBeveridge,53,136,126,2
Bixilon,5,149,119,2
columbarius,2,12,12,2
nathandyer,9,98,93,2
yourealwaysbe,4,11,11,2
KRTirtho,61,1290,1090,2
cameronwhite,15,380,395,2
sahilarora3117,7,51,15,2
avojak,6,186,19,2
spanderman,4,59,6,2
bcedu,18,132,66,2
lsahn-gh,2,113,0,2
calo001,7,56,26,2
corna,82,2633,1564,2
coslyk,58,1009,661,2
AdrianKoshka,83,2269,1827,2
iwalton3,66,3111,1267,2
dreua,83,802,790,2
Alexmitter,2,4,2,2
jkotra,81,639,190,2
johnfactotum,46,238,274,2
kmwallio,40,787,440,2
liferooter,33,307,296,2
maoschanz,55,272,218,2
RocketRide9,6,281,115,2
matfantinel,12,29,39,2
mdh34,25,388,308,2
LeSnake04,21,6255,1102,2
ptitjano,29,82,71,2
naaando,5,88,4,2
qarmin,20,15980,9255,2
rushsteve1,16,191,46,2
RajSolai,12,260,115,2
aunetx,20,276,102,2
Taiko2k,221,6097,1820,2
amka,52,1561,1052,2
239,9,32,19,2
jjardon,9,13,11,2
weclaw1,15,5517,1375,2
rolandlo,18,426,164,2
adnan449,19,100,35,2
azymohliad,39,11365,5617,2
JavkhlanK,16,3976,1536,2
chenzhiwei,20,271,144,2
daquinons,2,2,1,2
flavioislima,151,3171,2310,2
syco,107,7055,5180,2
reticulis,2,3,3,2
btpf,44,42827,15494,2
expwez,2,4,2,2
M3DZIK,2,3,3,2
manuvarkey,26,590,56,2
joserebelo,2,12,6,2
rickykresslein,26,212,727,2
jn64,2,28,2,2
lenemter,2,2,0,2
jstebbins,21,728,479,2
AHappyUser,142,337,286,2
lhw,18,449,301,2
tpopela,2,3,2,2
mkfrey,15,195,23,2
bytzo,5,52,28,2
elsiehupp,2,3,1,2
pktiuk,17,33,32,2
daringer,9,12712,47,2
mystchonky,2,16,11,2
4c0n,88,2207,1294,2
G-Ray,29,453,195,2
Chasethechicken,5,27,16,2
zturtleman,9,186,14,2
renothing,7,85,32,2
paperdigits,7,239,23,2
flipflop97,2,2,1,2
boeithwoibjeqiogroeq,2,2,2,2
balcsida,10,209,13,2
DeedleFake,32,217,157,2
mattdangerw,2,2026,0,2
gnustomp,3,8,8,2
alnadev,3,203,202,2
rajveermalviya,6,35,34,2
kon14,2,5,3,2
alexmex90,2,3,3,2
SudoVanilla,47,205,110,2
abma,21,109,63,2
doZennn,18,72,22,2
kennylevinsen,3,8,3,2
jflatt,65,912,485,2
francoism90,29,4554,2724,2
timll,2,14,12,2
vemonet,34,13967,977,2
Mek101,2,2,0,2
olof-nord,30,65185,48341,2
ThanosApostolou,14,225,52,2
DekosAnjo,3,17,11,2
eos-shell-build,3,13,10,2
mirkobrombin,187,2412,1696,2
gicmo,14,342,94,2
shubhisroking,2,2,2,2
chrisawi,4,24,8,2
winehub,7,32,215,2
smcv,58,86026,801,2
TTimo,43,175,252,2
Surendrajat,2,30,4,2
lbssousa,55,912,702,2
mlawson27,8,106,44,2
flibitijibibo,3,52,7,2
alexojegu,7,12,42,2
vixalien,37,4267,2890,2
daiyam,3,9,1,2
noonsleeper,181,1034,333,2
alexpattyn,6,20,32,2
TommyTran732,10,21,12,2
Vysp3r,54,271,164,2
wengxt,20,496,177,2
gombosg,22,47,29,2
qvshuo,29,370,127,2
rare-magma,2,2,2,2
slagiewka,2,2,2,2
ai,43,1186,1184,2
MrTarantoga,37,139,83,2
TomaszGasior,12,514,188,2
rugk,3,2,3,2
AsamK,10,257,85,2
mikeyh30,2,2,2,2
willsALMANJ,4,4,4,2
mikebarkmin,19,315,38,2
philippun1,23,417,237,2
nolyn,58,1715,1000,2
jannuary,9,34,82,2
allisonkarlitskaya,18,644,295,2
rowbawts,69,459,451,2
mufeedali,3,134,23,2
HillcrestEnigma,21,262,76,2
SalaniLeo,32,371,48,2
gcampax,38,16259,8523,2
skyjake,80,262,167,2
rayes0,28,374,1139,2
remiceres,8,859,728,2
Sunderland93,121,71069,70829,2
losuler,39,397,94,2
zastrixarundell,13,34,39,2
soyersoyer,49,377,283,2
kate-shine,20,384,174,2
BrunoVernay,2,4,2,2
Renner0E,2,3,0,2
aklsh,25,410,270,2
BharatKalluri,22,163,65,2
camelCaseNick,19,33457,57,2
mikelolasagasti,25,1324,1094,2
eighthave,26,958,322,2
CodedOre,2,1,2,2
emericg,25,1304,654,2
leohearts,26,435,262,2
ukbeast,2,5,4,2
hanna-kn,73,751,518,2
SStoklosa23,82,361,299,2
Snaggly,9,359,251,2
ProjectSynchro,53,918,688,2
SharkyRawr,16,723,330,2
JordanL2,37,761,264,2
DBChoco,82,53258,51293,2
dtsudo,6,6344,3,2
mattiasb,9,811,29,2
fralonra,13,10731,795,2
hakandundar34coding,187,586,415,2
pesader,2,2,1,2
ideveCore,26,851,142,2
igaldino,17,316,61,2
kovzol,9,70,21,2
sithlord48,14,557,395,2
petitlapin,10,104,22,2
Keelhauled,2,2,1,2
pio2398,34,336,206,2
fkrull,15,489,69,2
realmazharhussain,76,20243,10165,2
rinigus,216,1351,596,2
sigmaSd,29,8712,455,2
trevorsandy,56,2824,2011,2
vinser,23,375,201,2
zefr0x,22,878,478,2
leesonwai,19,144,50,2
cmkohnen,4,56,47,2
Conan-Kudo,2,5,1,2
tx00100xt,7,1204,22,2
alex-tee,27,172,68,2
MinmoTech,3,29,5,2
JayDoubleu,12,340,61,2
otsaloma,32,256,124,2
JulianGro,2,23,3,2
kra-mo,5,141,5,2
aleiepure,18,662,68,2
ThePBone,15,292,187,2
alucryd,13,116,52,2
theycallhermax,60,342,774,2
Blackburn29,14,7860,7903,2
BLumia,16,526,298,2
bdaase,5,46,6,2
ravvle,4,46,535,2
adityashah1212,29,9212,7464,2
eylenburg,8,254,14,2
gipawu,11,139,89,2
mkiol,36,6826,2884,2
first-storm,21,296,1033,2
ssssam,68,2301,893,2
csett86,36,330,201,2
SeeLook,24,266,121,2
felipehw,79,630,441,2
ssokolow,17,1006,19,2
electronstudio,19,282,93,2
Elinvention,4,58,70,2
son-link,29,3686,3330,2
marksvc,5,2723,540,2
pkrause1980,6,90,16,2
adrianinsaval,13,95,59,2
SuperJC710e,2,2,0,2
NeroBurner,12,66,85,2
dimkard,24,751,213,2
cvfosammmm,109,671,384,2
Sesivany,158,13184,11730,2
somas95,34,1211,419,2
cjao,3,178,98,2
matze,39,890,189,2
zebra-lucky,22,3162,1280,2
carrotIndustries,32,833,269,2
imikado,75,470,408,2
xscd,3,4,2,2
elescoute,69,235,149,2
dbnicholson,5,51,22,2
eyecreate,32,50,311,2
tytan652,12,99,39,2
flozz,22,677,286,2
nm2107,2,4,3,2
whot,22,286,122,2
dabrain34,11,85,610,2
debarshiray,60,631,300,2
blandford,3,3,5,2
rvlobato,6,18,10,2
mjog,51,4286,3854,2
ltilve,2,128,0,2
anton-z-s,14,69,44,2
cheywood,10,313,50,2
t-chaik,14,1291,1041,2
YaLTeR,34,501,367,2
kjinho,3,34,7,2
tpikonen,12,269,206,2
bmillemathias,20,781,103,2
gruve-p,32,3156,2139,2
LyzardKing,28,288,127,2
Ketok4321,17,131,23,2
fplust,3,4,3,2
redstrate,2,5,2,2
StayPirate,4,274,273,2
Jmennius,4,7,4,2
Be-ing,42,561,2126,2
boredsquirrel,2,13,2,2
jacobzimmermann,30,504,49,2
goncalossilva,4,143,166,2
pemensik,7,143,56,2
luspi,73,1920,1238,2
theCapypara,46,13589,3393,2
pidddgy,2,879,0,2
cedk,24,380,88,2
frhun,20,653,279,2
Tamaranch,42,4020,3221,2
youkai-pl,7,284,104,2
sstendahl,58,936,731,2
sztomi,15,712,24,2
Moussa,67,214,152,2
SpeedCode210,30,25626,25329,2
mfep,7,2840,82,2
hpoul,18,263,195,1
sanjacob,16,5387,4953,1
jjoelj,49,803,409,1
reckel-jm,6,13,11,1
AkshayWarrier,11,250,40,1
pervoj,10,71,33,1
knuxify,25,602,347,1
felinira,27,11467,6428,1
ricoberger,10,313,90,1
Slackadays,31,182,40,1
friebetill,17,164,117,1
minhloi,1,117,0,1
Ovenoboyo,81,376738,28874,1
fgaz,6,212,130,1
opensiriusfox,2,3,3,1
jendrikseipp,39,125,121,1
achhabra2,8,48,14,1
redsolver,5,13,13,1
lukehmcc,5,151,28,1
mborgerson,7,17,6,1
hhanh00,13,178,88,1
tarmaciltur,12,108,27,1
contactobscurantist,1,2,2,1
manfred-kaiser,30,1081,745,1
mard,7,56,28,1
adaell,1,4,5,1
esys-escript,49,444,450,1
PerryWerneck,8,124,81,1
greghorymetzker,2,1,2,1
hugomg,7,36,10,1
silash35,7,53,8,1
tfmoraes,39,9796,6705,1
mpharoah,65,723,501,1
analytophile,10,34,604,1
Scriptbash,21,158,50,1
coolavery,15,670,209,1
frncesc,5,32,46,1
alranel,1,1,1,1
IverCoder,15,40,15,1
eladyn,1,11,0,1
scde,1,1,0,1
n-ham,89,217,156,1
G10h4ck,2,155,19,1
fbugno,6,38,22,1
MatthieuBarthel,5,87,55,1
dsommers,1,3,3,1
sergeyklay,2,3,3,1
mo8it,1,1,1,1
ljrk0,68,116434,70791,1
beatjaeckle,15,141,97,1
Prototik,23,307,82,1
Jikstra,1,22335,7460,1
hoxia,1,1,0,1
Simon-Laux,67,173749,166516,1
alpabrz,1,7,2,1
alariej,70,685,511,1
iweiss,1,5,4,1
geekgonecrazy,7,18,14,1
TimmiORG,9,35,28,1
MaeIsBad,1,1,1,1
KevlarKanou,9,130,8,1
GZYangKui,13,122,60,1
aonyxbot,6,593,276,1
Bluefissure,16,1781,208,1
fcastilloec,31,378,330,1
Kiwijane3,2,1,2,1
NoraCodes,6,56,14,1
Adamcake,59,1129,1692,1
alejandro11k,1,3,2,1
konradmb,3,34,25,1
Nonononoki,8,6638,15,1
jandryuk,1,4,4,1
jimmyjones2,2,164,47,1
hubick,3,5,4,1
amz-x,2,28,10,1
Inglebard,2,5,6,1
arviceblot,12,10841,1966,1
RyanTheAllmighty,1,2,0,1
KevinAtSesam,1,6,5,1
peteruithoven,1,1,0,1
TobiGr,3,12,9,1
JuhoBasemark,6,636,143,1
thorhop,4,6,6,1
Maks1mS,1,1,0,1
mstroecker,1,1,1,1
phloose,2,6,6,1
takuvata,1,3,3,1
KAMiKAZOW,1,8,0,1
abique,29,912,1027,1
bitwig-buildbot,40,123,94,1
jhasse,2,71,0,1
johan-bjareholt,17,77,45,1
saturneric,10,181,144,1
dimitris-norce,1,2,7,1
midwan,20,237,129,1
grubles,19,353,264,1
NikolozMiruashvili,1,4,4,1
CryptGoat,1,4,4,1
real-yfprojects,7,373,398,1
samuel-w,7,12,49,1
jarek-foksa,100,17762,14390,1
StellarOrbit,1,4,3,1
cthu1hoo,1,23,0,1
LucasWagler,1,3,2,1
admiralakber,1,1,0,1
exil0867,1,6,3,1
oajara,1,0,11,1
brave-builds,1,5,4,1
EyeCantCU,2,7,7,1
mihaiplesa,2,3,6,1
iffy,8,160,95,1
mr-m-1t,1,3,2,1
byteshiva,2,6,4,1
cerebralnomad,8,93,17,1
pajlada,1,2,2,1
chowder,1,3,0,1
ilya-zlobintsev,35,451,697,1
chmouel,17,219,55,1
lukky513,12,206,24,1
Ratfink,11,90,33,1
claucambra,19,199,84,1
sgehrman,78,569,292,1
Core447,38,751,162,1
Cuperino,8,29,17,1
dec05eba,77,555,481,1
lokedhs,51,2790,223,1
stewartadam,6,201,56,1
idelsink,1,4,4,1
beheh,1,4,4,1
cerulis64,1,31,9,1
geekley,1,33,0,1
AlxHnr,1,1,1,1
Tabby,1,3,3,1
gamer191,1,1,1,1
MonterraByte,2,5,5,1
connlim,2,208,9,1
njallam,2,4,4,1
Preisschild,3,8,8,1
bancika,40,69,69,1
Wengier,2,5,2,1
ironsmile,27,9522,8172,1
pr0gr8mm3r,1,23,31,1
jroyvde,1,1,0,1
sheep-farm,31,6215,6177,1
pineapplehunter,1,1,0,1
ysfscream,3,133,10,1
treitter,2,56,3,1
jackeri,3,9,9,1
cryinkfly,1,2,2,1
ianliu,3,11,10,1
aryasenna,6,10,9,1
Yxogenium,21,226,28,1
xperia64,2,42,0,1
gobonja,1,1,1,1
realgrm,1,0,1,1
rijnhard,1,7,6,1
mtrivera,1,7,6,1
MSbitani,1,19,5,1
Leeo97one,1,1,1,1
jnv,1,1,1,1
caciobanu,2,8,8,1
MartinPesek,13,101,93,1
philipp-classen,4,33,7,1
milouse,15,287,55,1
gigitux,10,57,13,1
honnip,25,363,147,1
issakomi,12,179,142,1
AmatCoder,8,250,112,1
ZwS,1,20,2,1
ronnystandtke,1,1,0,1
Darazaki,23,90,47,1
ungoogled1,1,1,0,1
mcinglis-amzn,1,5,4,1
networkException,3,4,4,1
SokoloffA,4,19,6,1
daudix,1,19,87,1
LyesSaadi,10,543,194,1
pulsar895,1,10,3,1
jijojosephk,105,1380,421,1
Johnn3y,7,139,20,1
spoelstraethan,1,1,1,1
Matoking,47,1178,291,1
OdinVex,1,10,0,1
PopoutApps,75,1626,1389,1
ymshenyu,7,86,108,1
Rosalie241,47,308,245,1
0neGal,26,258,58,1
aharotias2,8,42,19,1
maya-doshi,2,2,2,1
otsaw,1,2,2,1
Alecaddd,7,13,13,1
alexhuntley,28,241,97,1
amikha1lov,10,129,31,1
pontaoski,13,102,62,1
artemanufrij,2,4,4,1
babluboy,21,296,155,1
Marukesu,3,255,117,1
benpocalypse,8,80,27,1
birros,47,59336,59172,1
bluesabre,5,79,33,1
bvschaik,9,28,160,1
carlos157oliveira,21,204,80,1
cfcurtis,8,615,314,1
ChildishGiant,6,153,15,1
Cubitect,18,183,112,1
d4nj1,23,187,98,1
dail8859,1,1,1,1
Dariasteam,33,1795,1642,1
dawidd6,9,37,17,1
shymega,1,2,2,1
Peter200lx,1,3,2,1
mikeeq,2,55,16,1
DevAlien,11,101,19,1
dimkr,70,166,145,1
dynobo,43,1045,319,1
edenalencar,7,58,10,1
ElTh0r0,11,43,18,1
benjamb,8,15,15,1
eneshecan,24,492,337,1
Mandarancio,1,1,1,1
Camille019,2,69,6,1
fabiocolacio,10,10,49,1
flxzt,84,487,425,1
fries1234,18,308,246,1
Allvaa,1,1,0,1
torikulhabib,53,627,100,1
geigi,94,979,790,1
giacomogroppi,33,179,103,1
GijsGoudzwaard,4,15,6,1
davvid,3,19,4,1
simsilver,2,3789,2417,1
hluk,47,400,368,1
peterNordin,29,583,198,1
hugolabe,44,200,169,1
ilai-deutel,4,582,77,1
inercia,19,307,64,1
Tracenji,1,2,1,1
Maxr1998,1,1,0,1
jmlich,19,85,35,1
JMS55,9,4908,2505,1
JoseExposito,40,194,129,1
junrrein,50,552,318,1
Asghwor,11,353,37,1
kalibari,14,120,53,1
mMerlin,1,1,1,1
Vulcalien,1,1,1,1
louis77,4,17,9,1
lxgr-linux,1,4,4,1
MaFeLP,9,243,158,1
MehdiChinoune,27,479,231,1
marhkb,38,329,232,1
marin-m,25,92,46,1
Jake-Ransom,1,4,4,1
fxha,20,422,225,1
kfeoktistoff,1,14,14,1
miguelmota,37,201,64,1
mikacousin,37,405,167,1
mtkennerly,28,7431,6139,1
sorin-davidoi,1,3,3,1
neithern,56,424,376,1
nrittsti,8,152,109,1
muayyad-alsadi,15,35,131,1
petebuffon,13,140,65,1
PolyMeilex,19,13232,8042,1
elvisangelaccio,1,50,0,1
KitsuneRal,59,190,166,1
Rafostar,72,8749,4113,1
raibtoffoletto,11,152,75,1
ransome1,20,2781,1768,1
latenightdef,1,1,0,1
R3dst0ne,2,122,1,1
rkoesters,69,1002,637,1
robertsanseries,9,225,36,1
RogerCrocker,25,142,83,1
youssefhabri,5,123,28,1
sakya,72,3399,2346,1
scrivanolabs,48,162,128,1
sdv43,4,80,7,1
sixpounder,20,1468,1371,1
fishxz,29,313,155,1
skylot,8,24,16,1
SubhadeepJasu,9,126,73,1
Suzie97,11,89,40,1
tglima,3,336,10,1
theCalcaholic,15,227,49,1
actionless,77,944,807,1
mserajnik,2,3,27,1
tmewett,2,4,18,1
treagod,10,117,27,1
vkohaupt,16,45,51,1
vladimiry,86,745,551,1
RafaelKr,2,11,2,1
tom0105,2,3,2,1
Technius,5,102,128,1
yucefsourani,26,256,245,1
sigaloid,1,1015,1067,1
zadam,40,43224,13859,1
ztefn,9,60,41,1
ColinDuquesnoy,11,59,18,1
bitseater,20,290,94,1
guillerm0p,16,169,66,1
j0chn1,92,648,493,1
kendellfab,8,272,64,1
maevemi,10,136,71,1
thegarlynch,1,1,2,1
Talinx,1,6,5,1
VincentJoshuaET,1,0,0,1
awest03,1,2,2,1
Skythrew,1,20,2,1
K-Finlay,1,11,10,1
cxrvh,2,44,22,1
rodtell,2,8,6,1
chardinson,2,0,0,1
burnermanx,7,32,26,1
amrmsaraya,12,52,41,1
xanscale,17,215,59,1
natanael-b,1,2,0,1
Centzilius,1,1,0,1
mpdeimos,1,1,1,1
monkeyWie,8,74,10,1
dGr8LookinSparky,1,1,1,1
RogueScholar,3,73,21,1
vimoi,1,17,1,1
arielj,1,53,0,1
Dryadxon,1,1,1,1
Nocccer,2,193,37,1
CommandMC,3,6,3,1
imLinguin,5,27,41,1
slembcke,10,19196,19102,1
kavplex,7,14,14,1
hwittenborn,12,140,59,1
garrett,2,139,2,1
avunix,3,51,23,1
jacokok,5,25,31,1
ddelabru,9,891,54,1
lofidevops,2,3,12,1
grillo-delmal,14,1276,255,1
hillelcoren,23,183,98,1
jwheare,9,10108,9578,1
reisbel,3,1,4,1
ernestask,1,1,1,1
1legality,1,2,2,1
it-is-I-Pants,1,2,2,1
cdegroot,1,3,3,1
fusion809,2,2,2,1
Limero,22,259,42,1
Garbee,62,736,668,1
calcastor,1,3,3,1
ignapk,1,95,0,1
appelgriebsch,5,260,126,1
rtmor,1,8,1,1
nwaizer,1,22,0,1
patriziobrunops,1,12,0,1
jbgosselin,16,210,104,1
dave-kennedy,1,10,0,1
Zoriot,1,13,0,1
smithcli,1,14,0,1
maciex,1,1,1,1
RoinujNosde,1,1,1,1
andypillip,1,2,1,1
legoktm,1,1,1,1
bcapinski,1,1,1,1
phracek,5,311,122,1
ranomier,8,213,134,1
johanfleury,10,345,15,1
freeseacher,31,1327,1053,1
ZagButNoZig,1,17,0,1
NanoSector,1,11,1,1
JetpackDuba,18,260,67,1
kadykov,1,1,0,1
davidjgraph,1,4,4,1
tleepa,14,1706,1926,1
keftie22,1,1,0,1
Sinihopea,11,304,94,1
lakoliu,1,3,3,1
codifryed,19,216,166,1
lettier,11,1720,275,1
DavidLazarescu,48,225,181,1
SimonN,1,2,2,1
Rampoina,1,1,1,1
Bad3r,3,985,841,1
daviddavo,19,35814,34880,1
kanru,88,111436,71187,1
mastercactapus,1,28,4,1
jmgibson1981,1,21,8,1
bollian,1,13,4,1
parasense,2,3,6,1
michaelkuhn,15,348,201,1
vivian-ng,15,152,117,1
Mastermindzh,10,10936,139,1
LiquidPL,1,1,0,1
svelle,12,50,47,1
petr-stefan-szn,13,71,42,1
SemaiCZE,32,500,157,1
mjakeman,15,285,196,1
kepalas,2,34,3,1
tuxtor,6,106,20,1
fgrrrtuy,1,1,1,1
linuxgemini,1,36,5,1
lizzyTheLizard,1,2,0,1
eyenpi,3,495,34,1
mil,21,290,110,1
games647,1,0,0,1
camdenorrb,1,2,2,1
mahyarmirrashed,1,24,2,1
elihunter173,1,2,2,1
PureTryOut,2,6,6,1
SystemlessDev,6,63,41,1
dominikzogg,8,24,22,1
cgutman,121,694,373,1
tobagin,29,320,290,1
fchiacchiaretta,9,171,35,1
mvgiacomello,16,8053,857,1
neatdecisions,21,345,171,1
alkk,11,281,219,1
Szwendacz99,1,1,0,1
Croydon,1,1,1,1
matbme,1,1,1,1
p-fruck,2,3,2,1
juliushaertl,16,183,48,1
thecodrr,39,125512,110104,1
sirn,1,9,2,1
sunix,1,5,2,1
bdemers,17,122,37,1
claudioandre-br,18,1069,730,1
Gaeldrin,19,518,74,1
vitimiti,1,6,6,1
OverloadedOrama,18,84,83,1
Bwc9876,31,418,231,1
alekseygrachev,6,281,140,1
oyajun,3,59,4,1
ozmartian,133,1650,1239,1
happyplace,1,1,0,1
NightHammer1000,2,11,2,1
christofferson,3,31,5,1
mindbeat,3,4,6,1
murzenus,1,1,1,1
garhow,1,1,0,1
hdonnay,8,110,9,1
simonxciv,15,218,109,1
pojntfx,8,1891,1239,1
Integral-Tech,15,233,68,1
brunoanc,56,31101,27869,1
nwin,1,1,0,1
BOFH90,1,138,18,1
tamasmeszaros,2,112,280,1
davidk,2,17,4,1
eliadevito,20,912,693,1
xarbit,117,2466,1527,1
sergeypypyrev,3,127,52,1
fernvenue,1,7,6,1
karman011,1,1,1,1
zhullyb,1,7,6,1
AzureZeng,1,8,7,1
CatEricka,1,23,1,1
WUGqnwvMQPzl,1,7,6,1
hacc1225,1,9,1,1
Rsplwe,2,14,12,1
zhuwjin,2,12,9,1
quexten,27,173,95,1
tscrypter,1,2,2,1
kreatoo,20,404,70,1
zigazajc007,19,14687,11727,1
raggesilver,19,195,120,1
Talon1024,5,10,15,1
ViktarStarastsenka,1,3,0,1
zalenskiSofteq,3,5,4,1
WingofaGriffin,1,1,1,1
hhyyrylainen,40,2548,1599,1
cscarney,16,47,17,1
rafatosta,90,316,261,1
tschlaeppi,2,1,3,1
jerrivaldo,17,118,70,1
MichaHoffmann,8,142,18,1
m1kc,1,7,2,1
marcthe12,1,1,1,1
blueyu2,1,1,1,1
mmacura311,1,8,2,1
Noammac,2,4,3,1
rmrt1n,3,15,5,1
second2050,3,7,7,1
TheShadowOfHassen,4,26,8,1
dschier-wtd,10,96,28,1
attipaci,37,157,104,1
rhjhunt,35,315,126,1
lagodimos,12,237,201,1
sireliah,14,59,24,1
wuxxin,1,22,3,1
zweimal,1,6,6,1
bluewww,1,1,1,1
neingeist,1,3,3,1
anfrantic,2,7,7,1
liuxu89,2,22,6,1
dimlev,2,4,3,1
muriloloffi,2,4,4,1
develop7,7,84,16,1
mfilipe,1,11,3,1
andrewfluck,1,13,2,1
epontan,1,2,2,1
joshbode,1,1,1,1
camporter,2,5,4,1
doccaz,32,201,72,1
Spaceslug,8,1188,130,1
Amnesia1000,1,41,13,1
LodanZark,2,4,2,1
rpavlik,5,235,13,1
PJB3005,7,398,485,1
timhowes,1,1,1,1
kumiokru,1,6,6,1
Sciler,1,4,3,1
msdrigg,1,2,2,1
vancez,2,14,1,1
AntoninoScordino,2,86,86,1
ubuntuegor,2,34,32,1
eclipseo,3,253,92,1
x10an14,3,12,12,1
JasonLG1979,8,204,30,1
baracoder,9,212,9,1
ssievert42,1,27,12,1
Dead-Lemon,2,11,10,1
ners,2,13,8,1
CapitaineJSparrow,25,243,112,1
KP2048,14,461,262,1
izissise,1,13,2,1
tymmesyde,6,4431,39,1
core1024,25,581,328,1
tobiolo,35,155,80,1
ryanpcmcquen,1,43,6,1
fariasmarcos,2,64,4,1
fnkr,3,16,5,1
ineol,10,710,252,1
christophbrill-cgmcom,1,7,6,1
wnklmnn,1,1,0,1
RushingAlien,3,6,4,1
garotosopa,1,1,1,1
00EkZ8,19,288,85,1
faeb5,1,2,5,1
jibsaramnim,2,4,3,1
lil5,5,7,6,1
gregos-winus,10,221,26,1
ids1024,15,4399,1426,1
jkoelker,3,120,2,1
Dune-jr,6,14,17,1
JesseChain,1,1,0,1
lyskouski,25,296,162,1
TheBrokenRail,49,809,712,1
darltrash,1,1,0,1
daupaloffer,4,26,16,1
gkeep,29,279,107,1
alvarlagerlof,2,14,6,1
IndrekV,18,51,51,1
oldj,4,149,7,1
tom-james-watson,2,2,3,1
toolstack,11,69,17,1
Amanse,1,88,12,1
vaf-hub,1,8,2,1
SethFalco,1,14,2,1
sarashub,2,16,4,1
mpfau,4,18,8,1
johnbotris,14,147,35,1
ganthern,43,1034,7515,1
charlag,60,1505,893,1
Zzombiee2361,1,1,1,1
Tim453,25,1275,1169,1
InfiniteLoopGameDev,1,89,0,1
matt1432,1,2,2,1
springbov,1,1,1,1
Philipp-M,1,6,0,1
asm0dey,1,1,1,1
Kinsteen,1,28,28,1
mphojele,1,1,0,1
koplo199,3,288,195,1
francescomasala,3,72,1,1
snowzach,1,2,2,1
bastian-src,1,1,0,1
ThatOneCalculator,1,2,2,1
helloanoop,13,166,32,1
bflanagin,41,68705,67969,1
moviuro,1,6,1,1
joyov,1,0,1,1
mcd1992,1,12,0,1
salarua,1,2,25,1
g2p,1,6,1,1
rabidlogic,1,1,1,1
Tomin1,2,18,3,1
heindsight,2,8,0,1
kujeger,3,15,16,1
EspadaV8,3,21,8,1
jpumc,4,18,7,1
pablodav,4,22,11,1
sekalengrengginang,7,72,8,1
kisak-valve,1,9,0,1
slouken,12,564,336,1
subins2000,4,987,806,1
ZachBacon,8,392,259,1
tatodorov,1,4,0,1
ma3yta,1,2,2,1
vicr123,9,142,42,1
vwalek,1,7,2,1
Praymundo,1,1,1,1
Eskander,1,0,0,1
felipemarkson,1,7,7,1
jcdickinson,1,4,0,1
m93a,1,8,0,1
walking-octopus,1,10,6,1
ironhaven,1,1,1,1
johnjelinek,1,4,0,1
ran-dall,2,52,17,1
jcnils,4,80,9,1
mzabaluev,12,36,43,1
nikodunk,17,39,33,1
rnovacek,1,2,1,1
da2x,1,6,6,1
ruario,4,44,16,1
paradoxicpotato,1,7,2,1
steinex,1,1,0,1
JohnVeness,1,2,2,1
claviola,1,5,4,1
saolof,1,1,1,1
PgBiel,1,1,0,1
uaqben,1,1,1,1
catdevnull,1,10,0,1
RalfJung,2,17,3,1
vtrenton,2,59,17,1
22p,1,76,31,1
vzhd1701,30,1884,515,1
dgud,8,331,151,1
Micheus,8,192,158,1
bevsxyz,1,1,1,1
exjaynine,60,8151,8006,1
firefoxlover,1,0,2,1
alastortenebris,1,2,2,1
selmf,16,726,258,1
yktoo,10,238,77,1
brugr,1,135,764,1
gdonval,1,2,1,1
austin-ek,2,2,1,1
MrSyabro,5,276,121,1
oskarkook,2,17,0,1
DenysMb,8,103,12,1
connorjclark,22,222,45,1
nkukard,2,12,2,1
jeanroyce,2,29,22,1
yuhldr,6,187,111,1
okias,3,72,40,1
krupkat,22,496,367,1
ondratu,5,321,34,1
Blenux,1,287,30,1
StandingPadAnimations,52,830,440,1
crepererum,11,275,125,1
hofmmaxi,1,1,0,1
outergod,7,191,96,1
misery,25,105,79,1
create3000,63,1648,1086,1
b-kirchner-f19,16,313,172,1
de-finnik,5,85,3,1
flinkebitsmachineuser,13,238,24,1
gwutz,11,3641,51,1
Iolaum,1,1,1,1
ChrisHal,17,363,79,1
HenriWahl,3,7,3,1
likg,3,28,10,1
glesys-andreas,7,550,578,1
d-k-bo,8,87,18,1
wshanks,18,421,316,1
JMoerman,17,65,141,1
nicokimmel,12,2990,2937,1
peterge1998,21,88,18,1
haustermann,1,1,1,1
ocrete,1,2,2,1
ChristianFeldmann,3,5,5,1
Sesu8642,6,127,73,1
TheComputerGuy96,6,9,4,1
maltejur,28,81,49,1
Syping,20,159,134,1
COM8,28,451,207,1
langurmonkey,56,610,537,1
SoongNoonien,3,55,13,1
rolandgeider,9,100,39,1
tobias-hammerschmidt,14,80,70,1
webagentur-hartmann,14,26,13,1
zwarf12,14,246,50,1
Diegovsky,1,1582,1181,1
zyxmdvs,4,13,28,1
xou816,30,12548,7659,1
rawdatafeel,1,15,0,1
brandonbeaumia,1,1,1,1
Grafcube,10,275,226,1
bragefuglseth,13,94,35,1
edfloreshz,32,1835,1783,1
SpartanJ,18,164,54,1
rankynbass,1,5,0,1
marzent,1,24,25,1
tommadness,1,1,1,1
Blooym,2,429,134,1
caprine-deployer,3,94,88,1
goaaats,33,3444,1871,1
TheRealMatthew4,1,1,1,1
supermxn,3,8,8,1
Brainfree,7,191,9,1
makarov-roman,2,6,3,1
panekj,2,3683,2770,1
YoussefLasheen,11,856,477,1
sergey-levin,3,71,5,1
CodeDoctorDE,27,441,390,1
ReenigneArcher,2,8,7,1
LukeBriggsDev,22,636,388,1
mrquantumoff,115,760,697,1
confused-Techie,1,1,1,1
leotada,1,5,5,1
oneilmw,2,3,0,1
cat-master21,36,406,241,1
ruuzia,8,79,56,1
DRSchlaubi,26,149,54,1
serebit,6,32,8,1
jgillich,12,127,71,1
ImUrX,16,39557,21345,1
SoMuchForSubtlety,1,5,9,1
lewisakura,25,469,340,1
Jelmerro,1,16,20,1
zelikos,19,3926,2284,1
aadcg,27,334,205,1
Ad5001,51,1620,869,1
cichy1173,13,104,41,1
ergoithz,16,189,94,1
ngelsi,7,283,102,1
anieuwland,8,3098,1896,1
claudex,4,30,3,1
niccokunzmann,9,184,16,1
marcoscarpetta,28,178,144,1
jacquetc,39,155,94,1
stethewwolf,3,5,5,1
s09bQ5,11,1972,46,1
rilian-la-te,1,39,2,1
Tykky,22,159,112,1
Heliozoa,24,191,190,1
velten-dev,25,148,94,1
jistr,1,2,2,1
ulysg,1,37,6,1
rootmeanclaire,14,333,304,1
Deleranax,7,16,16,1
fgrabenstaetter,10,52,17,1
unholyeyebrows,1,2,2,1
EmmanuelP,18,256,76,1
be1,10,55,34,1
BofilFR,4,147,110,1
henri2h,9,195,52,1
Yvan-Masson,30,339,94,1
devernay,2,2,1,1
Nytuo,9,8164,219,1
louisrubet,9,143,51,1
sgued,11,3587,1127,1
zoeyfyi,6,780,572,1
SiongSng,27,253,141,1
turtlegarden,10,62,19,1
wbernard,9,140,21,1
bertob,33,182,90,1
tulir,1,1,1,1
edwargix,2,2,2,1
Raatty,11,149,44,1
krille-chan,55,351,334,1
lnjX,23,107,162,1
rohmishra,1,1,1,1
davidmehren,1,1,0,1
1bcb,1,1,1,1
Staudey,1,1,1,1
Feinzer,2,10,5,1
q234rty,3,3,3,1
SilverRainZ,22,31,23,1
ajbura,1,2,2,1
kfiven,47,28985,33745,1
hexagonrecursion,1,0,3,1
dmytro-lytvyn,1,1,1,1
Born2Crawl,12,4889,4911,1
p2004a,24,40988,50355,1
tobias47n9e,39,26077,10296,1
gholmlund,11,599,115,1
valos,174,4188,2172,1
Gert-dev,1,1,0,1
urcadox,1,3,2,1
maweil,2,1,1,1
Morpheus1w3,1,1,1,1
deisi,3,204,44,1
buchen,4,21,6,1
roshanshariff,20,350,441,1
umlaeute,8,174,36,1
TorrSamaho,1,2,2,1
smplayer-dev,11,297,72,1
jneem,18,4349,1295,1
yodatak,1,6,2,1
rileyhawk1417,2,19,4,1
Danik1601,3,3,1,1
LucasXu0,31,456,239,1
matthewwardrop,1,1,0,1
fredluetkemeier,18,118,19,1
DoctorJohn,51,436,129,1
sderosiaux,1,2,2,1
thopiekar,1,1,1,1
tdgroot,1,8,2,1
bclindner,1,1,0,1
samiconductor,2,43,6,1
gsaulmon,2,38,51,1
dtchanpura,13,211,216,1
Bogdanp,13,102,71,1
dvdmuckle,8,25,43,1
ricotz,1,2,2,1
ShobuPrime,21,872,218,1
kenxjy,1,4,4,1
dvreed,1,6,5,1
gtklocker,1,3,3,1
JeffLabonte,1,4,4,1
jeiche,2,8,6,1
rdrsss,2,8,8,1
KJ2ME,3,12,12,1
tomaswarynyca,8,37,27,1
vardle,10,20,20,1
danialbehzadi,21,624,331,1
Aiz0,1,0,1,1
gitcontrib0,1,1,0,1
SamuelTzR,2,2,2,1
mat8913,30,47255,47112,1
PrestonN,42,205,131,1
AlexandreSi,11,62,20,1
4ian,20,213,55,1
ClementPasteau,26,225,61,1
Neluji,1,1,1,1
Adda0,11,1175,116,1
Bollos00,17,151,32,1
ebbit1q,3,13,9,1
tooomm,53,239,166,1
Dretch,30,6706,5531,1
FailurePoint,19,57,19,1
ChugunovRoman,15,689,239,1
tzfljuv,2,3,3,1
Nathan-LS,13,265,63,1
JakubMelka,24,285,237,1
deepbluev7,24,426,547,1
redsky17,24,690,302,1
NickKarpowicz,21,239,64,1
flurick,1,2,2,1
Rirusha,11,81,65,1
schrottkatze,2,12,12,1
Curve,1,2,2,1
D3SOX,39,217,125,1
magicmyth,6,740,86,1
Wakeful-Cloud,8,446,211,1
TheWisker,6,138,49,1
0xzer0x,24,219,195,1
aandrew-me,37,17883,14627,1
aknarts,61,329,283,1
adenlall,23,137,114,1
tim-gromeyer,5,68,27,1
aerocyber,19,410,370,1
alainm23,30,481,335,1
LiveLM,6,96,118,1
amit9838,5,82,83,1
amit-newstok,11,130,55,1
andreibachim,2,6,226,1
MessiasLima,11,749,604,1
babaissarkar,10,128,80,1
benini,10,1334,1211,1
adamj-codethink,2,3,2,1
bkueng,4,45,8,1
brainstormtrooper,12,117,75,1
brunoherbelin,10,257,153,1
Bytezz,13,51,12,1
carterbox,26,397,234,1
cboxdoerfer,16,64,27,1
amritbrar,1,10,10,1
anenasa,1,3,3,1
cges30901,14,168,115,1
devastate347,1,1,1,1
congard,7,32,10,1
ctlcltd,12,61,34,1
dagargo,8,55,15,1
david-swift,10,155,18,1
DavidDeSimone,4,12,36,1
david-sunblink,5,82,14,1
Davidoc26,9,64,16,1
ddanilov,5,39,12,1
dfandrich,7,219,152,1
dgsasha,24,166,50,1
dida-code,5,45,6,1
diegopvlk,42,108,43,1
dimtpap,6,94,11,1
divVerent,102,2160,1759,1
dlippok,27,61,40,1
TheJanzap,1,51,2700,1
dreamer,7,68,17,1
dubstar-04,19,182,128,1
loathingKernel,3,104,85,1
Dummerle,26,556,258,1
Dvlv,30,1366,105,1
whorfin,1,1,0,1
dweymouth,1,1,1,1
anarcat,71,2819,1852,1
dyegoaurelio,11,66,25,1
xplshn,90,515,324,1
quyykk,14,93,120,1
AtomHare,9,100,609,1
davidarnold,23,184,65,1
fabrialberio,23,195,85,1
ferraridamiano,19,247,195,1
fin-ger,1,0,1,1
fizzyizzy05,5,42,4,1
heliguy4599,14,83,25,1
secext2022,9,207,61,1
foldynl,3,84,88,1
FoxxMD,23,31200,18761,1
gamingdoom,22,1136,173,1
cspiegel,9,945,157,1
gen2brain,7,603,69,1
GerryFerdinandus,2,47,2,1
dsboger,19,128,50,1
glaumar,8,79,26,1
GleammerRay,30,487,435,1
shiplin,2,4,4,1
maxtron95,28,236,109,1
HelpSeeker,14,238,98,1
hermitdemschoenenleben,17,654,201,1
lleyton,1,3,2,1
roypen,11,4777,98,1
thorpelawrence,16,7453,1879,1
thrimbor,7,107,7,1
hypengw,36,104,80,1
iSlammedMyKindle,8,623,363,1
igorlogius,18,45,19,1
zenseii,1,2,2,1
undef21,2,12,0,1
ilius,3,28,2,1
Jacalz,39,176,84,1
janbar,121,230,233,1
jeffshee,16,1777,554,1
jhaygood86,15,250,128,1
jliljebl,27,274,154,1
JonMagon,9,117,73,1
jorchube,33,168,90,1
kaii-lb,11,2326,129,1
kalaksi,36,4361,1958,1
kaschpal,14,93,19,1
KoromeloDev,18,82,51,1
EricKotato,7,12,29,1
kukuruzka165,7,41,94,1
incycledream,9,1275,587,1
Bnyro,8,60,13,1
leolost2605,6,54,28,1
leonardschardijn,13,81,42,1
lethal-guitar,6,95,39,1
calvinweb,34,9808,3739,1
ManeraKai,37,8692,2632,1
limads,8,166,98,1
Ortham,11,176,123,1
lruzicka,4,1221,342,1
ltiber,7,151,97,1
zeyus,1,2,1,1
lxndr,6,104,13,1
MadDeCoDeR,37,862,474,1
mahmoudbahaa,9,142,91,1
mak448a,43,253,101,1
mandruis7,8,7400,165,1
marco-calautti,3,28,3,1
markummitchell,14,256,279,1
martinrotter,31,193,158,1
MaurycyLiebner,47,47,47,1
miDeb,18,168,108,1
mike632t,3,14,14,1
macmpi,12,397,255,1
mimbrero,18,10770,3395,1
mki1967,33,264,148,1
MMarco94,2,14,11,1
mmstick,3,16,15,1
mpobaschnig,23,305,146,1
MrMYHuang,21,76629,70617,1
mrvladus,67,358,181,1
onpon4,18,110,189,1
najepaliya,11,242,127,1
Argent77,6,232,31,1
neil-morrison44,1,1,1,1
Teeed,1,4,15,1
dennwc,1,761,0,1
nroduit,25,1800,5846,1
nuttyartist,1,2,1,1
onionware-github,11,235,182,1
orontee,20,218,44,1
paulwedeck,9,372,189,1
pd-l2ork,28,1171,892,1
peazip,4,4,2,1
pinty,1,1,0,1
PhilipK,66,15473,10093,1
polypixeldev,5,78,19,1
punesemu,10,457,50,1
PurpleHorrorRus,129,638,552,1
asbytes,30,3248,2515,1
Green-Sky,3,14,6,1
anthonybilinski,4,13,10,1
sudden6,6,298,201,1
robschi,10,167,106,1
qwersyk,14,62,22,1
rafaelfassi,4,44,12,1
ThanatosGit,1,3,2,1
duncathan,1,5,5,1
henriquegemignani,19,105,47,1
RetGal,60,534,378,1
Riftr,11,214,120,1
topjor,1,2,1,1
cy8aer,2,53,5,1
ripose-jp,9,1050,248,1
jvalecillos,1,1,1,1
santiagocezar,36,364,288,1
abitrolly,1,1,1,1
solopasha,3,99,36,1
Summertime,1,1,0,1
lmeunier,2,46,0,1
sharkwouter,1,26,0,1
aminya,1,2,0,1
shiftkey,1,0,5,1
tbsteinb,1,1,1,1
BoofOof32,2,2,2,1
XboxDevStore,5,27,33,1
SirMangler,19,509,298,1
n8marti,29,430,256,1
heroesiiifan,17,410,166,1
Xathros1,1,1,1,1
aschiavon91,1,1,1,1
SpacingBat3,1,1,1,1
MenacingPerson,3,3,2,1
SpidFightFR,6,77,54,1
vega-d,10,12,14,1
katsy,19,412,275,1
streetpea,22,704,308,1
swanux,15,2877,738,1
gzqx,1,4,2,1
tehcneko,17,1501,805,1
technic,12,58,34,1
ThaUnknown,1,1,0,1
sambuca1g,9,108,16,1
JakeSmarter,2,111,39,1
TheTumultuousUnicornOfDarkness,20,415,148,1
TLCFEM,33,360,241,1
TNTwise,37,246,152,1
FacundoAcevedo,4,13,19,1
tralph3,22,525,426,1
trigg,42,911,290,1
UnicornyRainbow,10,73,43,1
unknownskl,30,6970,1222,1
jeremysanders,2,232,518,1
hipersayanX,10,241,124,1
wereturtle,6,140,25,1
wh201906,7,22,97,1
wojciech-graj,9,115,86,1
shenlebantongying,12,198,16,1
xolatgames,5,49,24,1
xverizex,32,221,179,1
xyproto,2,6,4,1
MayeulC,10,149,28,1
Red1C3,15,120,40,1
Ame-chan-angel,4,28,42,1
germe-deb,35,362,270,1
zhrexl,21,100,61,1
Nova-Aurora,1,1,1,1
elboulangero,54,363,230,1
saytamkenorh,10,308,146,1
tigercoding56,45,289,193,1
virxkane,14,317,221,1
cyberphantom52,11,153,95,1
dev-nis,10,93,73,1
lainedfles,1,5,5,1
sentriz,1,23,0,1
shellheim,2,3,1,1
Stebalien,5,16,51,1
lsfxz,43,247,194,1
jangernert,15,141,91,1
abstractdevelop,15,109,627,1
Master811129,4,21,8,1
melix99,5,199,90,1
zehkira,47,653,433,1
tmrdev,7,148,32,1
flexagoon,12,219,28,1
azagaya,1,1,0,1
glevner,13,181,64,1
drwhut,5,83,19,1
Keyikedalube,9,113,76,1
Nordup,8,58,59,1
CredibleOpossum,32,247,92,1
ann0see,2,5,3,1
joao-p-marques,10,191,28,1
tomekit,37,909,366,1
SakiiCode,1,68,1,1
PhysSong,1,23,0,1
georgewoodall82,18,280,140,1
tur1ngb0x,1,0,0,1
Seil0,1,3,3,1
Homer666,1,1,1,1
jeromebruzaud,2,4,4,1
kicsyromy,20,12152,7380,1
dawidpotocki,1,15,2,1
Man2Dev,1,1,1,1
Guldoman,2,4,4,1
easrng,9,56,3,1
kevinlekiller,18,549,235,1
ChristopherHX,93,1885,1445,1
waozi-dev,59,437,365,1
brunolpsousa,1,1,1,1
yvesnrb,9,153,41,1
jasonmacduffie,10,306,134,1
DylanC,7,13,13,1
deboer-tim,1,461,437,1
slemeur,1,9,2,1
themr0c,1,2,2,1
dgolovin,1,479,614,1
jeffmaury,2,1384,600,1
vzhukovs,2,738,380,1
cdrage,15,1325,582,1
benoitf,31,22528,8381,1
zaguragit,15,46,39,1
lbalazscs,7,108,53,1
gerstrong,27,121,51,1
enz,1,1,1,1
joeraz,6,1029,79,1
alexnovichkov,11,5818,12,1
TheNexusAvenger,19,488,1094,1
mattg-uk,2,74,1,1
clansty,1,2,1,1
LeonStaufer,1,1,1,1
Ozymandias42,2,7,2,1
abnerlee,3,12,7,1
RaptaG,1,625,6,1
kolaente,18,143,93,1
antage,1,2,2,1
minioin,1,3,3,1
iman-salmani,25,97,54,1
gcala,6,41,7,1
Fabio286,18,45541,14540,1
varcharfoobar,2,2,2,1
mschlumpp,4,5,5,1
leftybournes,7,187,226,1
Bohooslav,37,11156,13151,1
martinszeltins,2,54,14,1
KrisNathan,1,1,1,1
akosiaris,1,5,0,1
afland,1,10,1,1
acristoffers,5,223,43,1
aphototool,6,69,20,1
0chroma,5,158,49,1
lw64,8,112,52,1
cognition9144,29,62441,31958,1
kasraghu,1,2,2,1
dnlburgess,1,1,1,1
njean42,1,3,3,1
ppvan,20,152,37,1
pablo-s,14,123,49,1
sp1thas,19,212,110,1
MrSquaare,1,15,15,1
vigress8,3,3,3,1
tallero,24,621,326,1
Dragicafit,10,168,156,1
AxelTerizaki,27,7975,190,1
m4tx,11,12765,8716,1
esodan,15,214,161,1
agalwood,1,2772,3885,1
leogott,1,2,2,1
NameLessGO,1,1,1,1
aggressivepixels,1,12,4,1
ashahir05,2,27,2,1
ingemarberg,35,777,78,1
bartkessels,6,91,21,1
oliv3,152,439,819,1
SegHaxx,11,220,175,1
raffaem,1,8,2,1
billwanjohi,1,1,1,1
vitaliis,2,10,1,1
timsee,19,156,108,1
DoodlesEpic,1,0,1,1
jmeloranta,18,173,58,1
tcitworld,1,1,1,1
jonri,9,383,210,1
james2432,1,1,1,1
svin24,1,1,0,1
craigz,2,3,3,1
sonic2kk,5,8,1,1
DavidoTek,52,646,361,1
nparr-devo,3,118,29,1
jlafontaine-devolutions,50,240,150,1
askmeaboutlo0m,4,191,38,1
callaa,19,94,70,1
dasaferi,3,7,7,1
Faster3ck,11,463,188,1
giuspen,21,359,100,1
Huitsi,3,31,11,1
TabulateJarl8,15,2582,500,1
FuchtelJockel,105,8572,9174,1
stefanha,1,1,1,1
Jenyay,292,1403,683,1
fabrixxm,7,132,23,1
k-u-bux,6,8,10,1
nadiaholmquist,11,578,391,1
Corvonn,23,248,88,1
line72,21,596,30,1
jwrober,17,886,616,1
Lugsole,13,100,633,1
julianschacher,1,25,0,1
duodec1m,4,14,13,1
strycore,71,1270,678,1
alemuntoni,8,38,17,1
sofar,1,4,4,1
rubenwardy,2,153,15,1
ruihildt,1,3,0,1
natesales,4,130,68,1
gianni-rosato,15,90,57,1
nokyan,13,4779,2098,1
bcrochet,6,68,65,1
wine,1,3,2,1
gal20,3,87,91,1
peerchemist,40,264,136,1
XargonWan,57,38161,37448,1
dariox86,1,2,0,1
mhoeher,183,652,582,1
Arctize,1,3,3,1
charles-m-knox,1,2,2,1
bbrauchl,2,3,1,1
Adam-,9,14,17,1
abb128,9,146,54,1
bertogg,31,1317,726,1
BeardOverflow,22,4138,1946,1
porras,4,699,505,1
rapgenic,1,2,1,1
chaosjug,2,4,1,1
averms,1,1,1,1
Jules-Bertholet,2,3,3,1
swwa,6,79,5,1
ritzk,1,3,31,1
momits,1,2,1,1
hsn10,8,88,11,1
fcomida,5,121,19,1
anxolerd,15,826,66,1
ender672,21,459,252,1
thp,5,49,12,1
yump,1,1,1,1
alexwarddev1230,2,3,3,1
applecuckoo,1,40,0,1
cosmo-ray,1,1,1,1
necessarily-equal,8,231,17,1
illwieckz,13,132,54,1
xMAC94x,2,2393,1572,1
Frinksy,13,15325,8436,1
madsmtm,1,0,1,1
AtomYcX,1,1,2,1
Imberflur,1,1,0,1
Songtronix,1,1,1,1
reacocard,1,12,0,1
FloridaMan7588,35,585,395,1
WerWolv,26,111,161,1
kai-li-wop,2,31,16,1
past-due,6,14,13,1
rndevfx,11,97,68,1
XRenSiu,35,269,110,1
Adurol,1,2,2,1
Austinuity,1,1,1,1
zorgiepoo,6,213,121,1
NikolasK-source,25,383,200,1
chairmantheboring,1,2,1,1
Bilb,4,23,14,1
Mikunj,6,21,12,1
MartijnBraam,6,252,141,1
fbruetting,2,2,2,1
Hjdskes,2,39,3,1
futuretim,1,37,0,1
oli747,2,82,74,1
inorick,1,1,1,1
cantalupo555,1,3,3,1
TheChilledBuffalo,3,8,5,1
surapunoyousei,3,17,12,1
creeper-0910,6,41,18,1
dominichayesferen,23,80,53,1
typeling1578,39,715,224,1
nexryai,47,163,76,1
AlynxZhou,5,62,38,1
jiri-one,11,224,125,1
jwr1,8,368,162,1
boyan01,27,295,197,1
itzgoldenleonard,6,2219,17,1
aless2003,25,190,119,1
jahed,1,1,1,1
Leseratte10,1,1,0,1
mireiabragulat,1,5,5,1
n1ckoates,1,2,2,1
KamilaBorowska,2,3,9,1
Dark98,7,301,91,1
alienarena,5,10,5,1
PistachioGuy,30,6655898,6655819,1
o-kotb,9,413,281,1
bksubhuti,11,101,63,1
kaechele,1,1,1,1
odzhychko,1,3,2,1
Torbuntu,1,1,1,1
batashi,4,188,91,1
groeggo,4,328,15,1
zmanuel,22,144,138,1
k1mu,4,6,16,1
ramesh45345,1,5,5,1
feltcat,1,3,3,1
mwilck,6,1810,8,1
foo-dogsquared,1,3,1,1
Bionus,5,7532,5,1
un-def,1,1,2,1
komachi,1,4,1,1
achow101,5,7,2,1
elementc,1,6,2,1
BlackcoinDev,11,30,30,1
Manumerique,1,2,2,1
vjar,1,25,0,1
sean-clayton,1,3,2,1
TheFlagCourier,2,5,4,1
plafue,2,3,3,1
avanderbergh,2,14,15,1
nachokb,2,4,4,1
connectety,1,4,3,1
jess-sch,5,21,17,1
MTRNord,3,19,1,1
benthetechguy,8,189,35,1
iakmds,51,442,401,1
mbunkus,89,276,238,1
BillZaumen,6,326,250,1
allejo,4,17,6,1
blast007,10,53,25,1
carlocaione,4,70,4,1
cobratbq,129,3062,1811,1
tmontaigu,3,14,82,1
rjanvier,52,688,627,1
martinpitt,1,12,2,1
christianparpart,37,1733,1535,1
overheadhunter,3,6,69,1
SailReal,19,2171,2144,1
purejava,41,4178,956,1
infeo,59,3635,3458,1
d3cod3,42,560,317,1
tomtsagk,3,68,12,1
musoke,1,1,1,1
julianrichen,2,3,3,1
Sturmflut,3,82,204,1
prasser,9,201,350,1
oynqr,1,7,0,1
KaspianDev,2,3,2,1
JoseAAtoche,1,3,3,1
stove-panini,1,2,1,1
icarito,1,2,2,1
robertxgray,6,148,20,1
tsunamistate,12,274,183,1
stenzek,17,230,196,1
huxingyi,6,117,7,1
xvitaly,6,15,18,1
carstene1ns,11,329,69,1
mickaelistria,1,1,1,1
gredler,1,4,1,1
stargazer3240,1,5,2,1
vrubezhny,1,1,0,1
nelson777,6,15,7,1
azoitl,1,0,0,1
behrisch,10,18,80,1
vially,1,0,16,1
yanchenko-igor,1,191,1,1
thejavascriptman,2,34,31,1
xmready,3,19,2,1
trueromanus,10,87,62,1
berrange,2,231,50,1
equeim,27,176,79,1
jdev082,1,3,3,1
renovate[bot],1,11,5,1
waybackarchiver,25,289,132,1
hajdam,4,63,14,1
BleuBleu,39,1077,405,1
AltNico,34,1476,1188,1
tstoeckler,1,1,1,1
nr23730,2,5,3,1
Alphrag,3,14,17,1
tangleloop,3,7,6,1
HadetTheUndying,12,44,25,1
erciccione,1,106,0,1
borgmanJeremy,11,589,552,1
elehcim,4,24,11,1
Vanadiae,25,276,218,1
flyinghead,1,1,1,1
scribam,2,2,10,1
enzo1982,45,56688,35520,1
lock042,68,513,444,1
haasalex,1,1,0,1
Marzal,1,7,8,1
jlHertel,20,559,115,1
Dansito,39,622,466,1
puxplaying,1,3,2,1
Garbulix,10,33,23,1
changwuf31,1,6,6,1
esamson,1,4,4,1
jeanas,3,4,7,1
183amir,5,64,10,1
lovetox,11,176,130,1
leonardozilli,1,1,0,1
BrainWracker,1,1,0,1
milotype,1,14,0,1
artscoop,2,8,3,1
amolenaar,32,1303,916,1
danyeaw,112,2430,2166,1
VarLad,1,3,3,1
jnohlgard,1,12,6,1
AlessandroBono,39,263,200,1
dlnnlsn,1,6,6,1
mbastian,7,152,9,1
Ayush1325,8,6957,2233,1
jerbmega,1,40,22,1
brunolopesdsilv,1,0,51,1
supertobi,1,1,1,1
Jehan,3,0,3,1
novomesk,5,106,16,1
HarryMichal,5,481,263,1
shuliande,3,8,8,1
antoniojpfernandes,1,1,1,1
hbkfabio,1,2,2,1
smspillaz,1,6,6,1
timway,11,207,102,1
noonien-d,1,248,0,1
qnixsynapse,1,3,3,1
rh-tcloud,1,4,4,1
philipstewart,3,35,9,1
Mikenux,1,1,0,1
gpoo,22,143,468,1
kortschak,1,1,1,1
mcrha,2,89,48,1
davidmhewitt,2,32,4,1
zecakeh,3,48,119,1
topminipie,1,1,1,1
larathbone,2,10,8,1
diegogangl,10,144,25,1
egrath,1,1,1,1
cagatay-y,5,148,19,1
rabin-io,18,130,47,1
JonathanKang,1,111,0,1
pp3345,1,1,0,1
alex285,1,2,2,1
mlundblad,13,149,195,1
fosero,3,10,11,1
artyomd,1,1,1,1
phako,50,952,640,1
eheintzmann,1,97,0,1
nexcode,1,1,1,1
jvnknvlgl,1,5,5,1
shdwchn10,1,1,0,1
bkoropoff,1,38,0,1
Swissbite,1,3,3,1
miabbott,1,23,0,1
jordimas,9,14,14,1
jbicha,2,3,3,1
bazylevnik0,14,112,74,1
dqpb,11,389,222,1
ilhooq,13,157,100,1
johannesjh,13,8223,7011,1
powimod,9,60,39,1
kaiw,1,3,9,1
avtechmjc,7,59,13,1
rohanlean,1,1,1,1
zoglesby,3,22,23,1
muep,32,9792,9579,1
blp,14,121,79,1
fellen,3,11,4,1
gjanssens,28,2229,1477,1
jralls,104,912,829,1
nmaggioni,8,144,38,1
j20001970,2,3,9,1
snizovtsev,1,1,1,1
OzarkShepherd,78,1143,659,1
abompard,19,187,91,1
SNNafi,11,764,395,1
mgedmin,1,10,41,1
tristanheaven,5,50,21,1
guerinoni,2,23,2,1
GustavoPeredo,36,51,50,1
Arzumify,3,4,4,1
hnm-duncan,14,563,199,1
hotlittlewhitedog,20,334,76,1
theGreatWhiteShark,1,8,1,1
nicktelindert,1,1,0,1
meisenzahl,1,2,2,1
samuelstjean,2,4,4,1
ntonnaett,30,247,150,1
tkopecek,1,7,0,1
jonathon-love,241,52415,24485,1
vandenman,4,6,6,1
RensDofferhoff,13,279,252,1
JorisGoosen,51,15214,15001,1
salim-b,1,1,1,1
abhi-deshpande,1,1,0,1
KuSh,10,97,96,1
pmontepagano,2,2,1,1
wvengen,7,2748,90,1
jreleaserbot,8,994,673,1
aalmiray,15,648,446,1
BinaryGenius,1,3,2,1
jkonecny12,1,3,3,1
nukeop,42,248,254,1
kpthedev,36,138,41,1
gdesmott,9,12556,12334,1
RokeJulianLockhart,1,6,13,1
anthr76,10,361,233,1
cgilles,1,2,6,1
cyclane,1,1,0,1
Shoshak,2,78,0,1
mgallien,35,506,343,1
Maryse47,1,2,1,1
Idesmi,1,16,31,1
jriddell,4,38,17,1
vkrause,8,130,191,1
jpwhiting,7,80,5,1
zaclegarssure,1,1,1,1
faridosc,1,2,2,1
j-b-m,1,1,1,1
jrelvas-ipc,1,0,3,1
frdbr,43,359,126,1
jlskuz,48,778,732,1
reporter123,2,4,4,1
ufleisch,9,83,86,1
detrout,4,80,1,1
danvratil,50,2728,1395,1
derekjc,1,2,2,1
superuser-miguel,1,1,1,1
ripxorip,14,180,25,1
sebasgo,9,220,174,1
gerlachs,80,2542,1351,1
mbruchert,5,60,3,1
ByteOtter,5,10,10,1
maxrd2,8,3046,254,1
herzenschein,12,3694,3603,1
astrorobby,7,111,33,1
bestlinuxgamers,1,2,0,1
ahaczewski,3,20,19,1
droidmonkey,7,99,90,1
mgautierfr,3,225,136,1
kiwixbot,41,317,172,1
kosmospredanie,4,72,9,1
DamirPorobic,9,25,19,1
jsgf,1,10,1,1
jesmg,7,151,8,1
jamalex,9,2203,1585,1
leozide,2,69,1,1
aviwad,16,159,102,1
ondrejholy,1,2,2,1
xlejo,1,1,0,1
stbergmann,222,15087,7095,1
dbrgn,4,58,125,1
ubruhin,9,111,14,1
Altonss,1,1,1,1
gmdvieira,1,5,1,1
TigraTT-Driver,1,155,11,1
jbaiter,1,26,0,1
Makman2,2,68,29,1
jcupitt,41,18511,17958,1
lvc,1,1,1,1
linuxhw,115,1896,1362,1
FrancescoCeruti,15,929,358,1
hustler-not-chatty,1,11,2,1
Tienisto,15,76,32,1
jrezai,8,348,186,1
umago,1,4,7,1
syvb,2,25,6,1
bjorn,13,30,33,1
mbasaglia,11,53,15,1
metal3d,5,150,8,1
Subject38,9,6296,1144,1
m4u9,6,4,19,1
ShvonderSiN,9,866,417,1
uklotzde,2,4,4,1
djantti,9,499,298,1
cbarraud,1,16,4,1
alois31,1,2,2,1
sumwale,1,134,134,1
lmarz,2,13,6,1
dandarnell,1,12,0,1
xhorak,1,15,0,1
michaelrsweet,16,181,77,1
hakpw,17,34,36,1
KelvinNovais,1,2,0,1
KasukabeDefenceForce,3,15,2,1
Q32IT,2,2,2,1
kyllikki,3,143,31,1
diemmarkus,23,852,706,1
joelkraehemann,432,5051,4110,1
dimztimz,2,8,25,1
NuspellDevOps,2,156,13,1
PanderMusubi,15,113,115,1
siko1056,5,11,22,1
mtmiller,63,686,502,1
SaptakS,3,197,133,1
micahflee,20,1318,1397,1
agolybev,2,7,10,1
ShockwaveNN,4,64,2,1
romandemidov,30,203,187,1
tsterbak,30,522,292,1
jcaesar,17,448,266,1
bdbcat,65,162,377,1
segrax,2,7,4,1
kobus-v-schoor,17,164,48,1
shinyquagsire23,75,256,199,1
ILightburn,11,708,395,1
sangsatori,1,1,1,1
L-P,4,29,4,1
JanisV,12,184,57,1
bahorn,1,1,0,1
peterwilli,1,2,2,1
t-paul,27,624,343,1
qu1ck,7,35660,6025,1
tsmock,14,170,88,1
alemart,13,561,475,1
justusranvier,10,262,78,1
auge8472,1,1,1,1
otfried,1,11,3,1
gkarsay,20,514,407,1
mmatyas,4,46,15,1
J5lx,4,20,40,1
Ryuukyu313,9,50,15,1
tsaunier,2,32,21,1
aleb,5,489,390,1
pjbroad,56,6005,302,1
binex-dsk,2,2,2,1
LennyMcLennington,6,5,8,1
gitne,2,282,25,1
byquanton,2,3,0,1
SolarLiner,11,69,103,1
saivert,2,4,3,1
Zer0xFF,13,90,26,1
ronys,8,114,51,1
abcfy2,2,10,10,1
Chocobo1,52,330,147,1
scorpio810,3,6,33,1
kikislater,1,2,2,1
palmerj,1,329,21,1
andrew-hardin,1,2,1,1
sa5bke,1,26,1,1
agiudiceandrea,4,8,8,1
stobbsm,1,3,2,1
pbek,7,17,8,1
andyhubbert941,34,96,66,1
benwaffle,11,116,48,1
jdolan,2,17,12,1
ysiraichi,1,190,183,1
torsava,2,80,3,1
capfredf,7,119,20,1
bhatman1441,4,127,127,1
myheroyuki,8,66,41,1
larchunix,57,317,256262,1
antenore,143,258328,734,1
EmuB0y,1,1,1,1
TessaiMusa,1,1,1,1
TSRBerry,7,42,39,1
marysaka,23,2283,768,1
RyujinxBot,1162,38367,36673,1
lotharsm,19,85,560,1
dfranx,1,5,5,1
ddennedy,42,454,412,1
NinebitX,1,2,1,1
54sledgehammer45,1,3,2,1
T-vK,1,3,2,1
happychameleon,1,3,1,1
yookoala,1,8,2,1
vincentmacri,1,1,1,1
cam-rod,1,0,4,1
BirdInFire,1,1,0,1
genodeftest,1,2,2,1
toxinu,2,5,4,1
osamak,3,9,6,1
Cerberus0,4,26,12,1
bermeitinger-b,90,734,590,1
agx,4,233,6,1
StephenMcConnel,19,81971,59523,1
ArclightMat,5,17,17,1
hbons,17,701,651,1
BeagleJoe,10,228,219,1
jbleonesio,5,32,7,1
squey,8,16,17,1
tarkah,12,9874,2642,1
lunakittyyy,1,1,1,1
DSGuy02,1,23,23,1
ElonSatoshi,1,6,6,1
AlexPoilrouge,3,262,254,1
ActualMandM,1,19,9,1
anthonyajumelles,2,2,2,1
arielsvg,6,12,13,1
alex-w,41,678,697,1
jb2cool,3,22,22,1
jonata,23,1051,527,1
Grumbel,47,1324,1279,1
ice0,7,192,147,1
0x1a8510f2,32,3765,63,1
Akaricchi,5,326,311,1
mibradev,1,2,2,1
john-preston,11,80,617,1
generic-pers0n,10,130,13,1
owendaprile,5,470,329,1
aivarannamaa,12,1166,770,1
acperkins,12,328,215,1
tildearrow,2,2,29,1
PaperNick,1,14,77,1
overflw,23,240,172,1
inukshuk,24,19455,4527,1
stloeffler,30,377,253,1
GarboMuffin,45,115755,115325,1
mttkay,1,2,0,1
klugier,27,2381,1281,1
CorruptComputer,4,1039,1829,1
Elijahrane,11,2411,123,1
DnaX,12,98,39,1
aaronliu0130,4,12,14,1
TGS963,12,127,181,1
NayamAmarshe,40,239,116,1
v1993,5,209,95,1
carlwilson,9,80,47,1
justinvforvendetta,16,204,73,1
vertiond,7,164,37,1
yasharjit,1,2,2,1
phoenixfirebrd,1,2,2,1
nurupo,2,94,1,1
rnorris,9,384,17,1
hferreiro,1,2,2,1
iiisak,1,116,0,1
apprehensions,3,8,42,1
lunarlettuce,55,69047,61282,1
andreas-jonsson,18,457,334,1
loonycyborg,50,380,405,1
wez,19,14790,6258,1
tothxa,4,144,158,1
mtwebster,17,407,180,1
jonathanfaust,1,1,0,1
000exploit,1,8,6,1
kingthorin,4,15,15,1
thc202,6,19,18,1
kurobeats,16,251,133,1
smirnov,14,389,181,1
trollixx,3,9,4,1
bertinatto,1,84,0,1
cheese,2,5,5,1
holmja,1,5,5,1
hpdeifel,1,5,5,1
Eloston,1,5,5,1
dalanicolai,3,8,2,1
maaattes,9,21,21,1
albertotirla,1,95,0,1
parndt,1,5,4,1
andersk,17,37975,43538,1
DrRac27,6,113,52,1
0Qwel,7,4581,44,1
LazyT,5,63,36,1
libre-menu-editor,15,118,73,1
YeldhamDev,4,125,21,1
Dragoncraft89,10,266,10,1
nintyfan,20,180,148,1
parcimonic,1,6,5,1
0pendev,28,226,137,1
bingbr,1,4,3,1
noah-witt,1,5,4,1
rocketraman,1,3,2,1
ranjan-purbey,2,3,5,1
erentnr,2,6,4,1
byronclark,2,2,11,1
anpopa,15,119,79,1
ghfh0,5,47,7,1
CrazyMarvin,1,53,0,1
fperera123,20,62575,42122,1
Boria138,19,852,246,1
proninyaroslav,12,218,33,1
piv-pav,1,2,2,1
feschukov,1,1,0,1
xlmnxp,1,1,1,1
emiljoha,13,141,62,1
staltz,2,9,7,1
atomrc,6,121,14,1
trixon,4,113,4,1
thevulturer,1,1,0,1
huupoke12,2,5,7,1
peppy,9,32,364,1
BiteDasher,21,820,91,1
shuriken1812,9,111,12,1
WildXav,9,18707,111,1
ntadej,9,166,43,1
aichingm,10,22024,262,1
tobiasmicheler,1,9,9,1
matwey,4,74,43,1
nouspiro,24,261,156,1
deathkiller,1,5,2,1
The-King-of-Toasters,1,43,0,1
ikolomiko,4,38,3,1
14mRh4X0r,1,27,8,1
neo1973,1,2,0,1
FeelTheLemon,1,50,1,1
wsnipex,14,1467,293,1
vilmasvensson,17,2781,2790,1
Rechi,22,670,451,1
comparascope,33,2317,339,1
rubenamorim,17,53,36,1
WillsonHaw,17,72,42,1
miguilimzero,8,172,22,1
chaogamer,16,233,116,1
mangobrain,5,233,9,1
Emersont1,21,113,83,1
jonathanballs,8,402,170,1
nickg,9,54,20,1
kohend,15,488,142,1
msvamp,1,6,4,1
liskin,1,23,4,1
lebrinkma,1,32,0,1
jaco129,1,1,1,1
czhang03,1,1,1,1
diegoviola,1,4,4,1
AleksejShilin,1,2,2,1
kisst,2,5,5,1
rosstimson,3,28,22,1
hongquan,36,1562,807,1
l-n-s,12,212,91,1
r4sas,41,287,289,1
jflesch,34,2007,1209,1
herpiko,10,68,29,1
MonsterObserver,1,1,0,1
Vendicated,1,1,1,1
smartfrigde,2,9,8,1
macramole,12,1222,393,1
BrettCleary,19,114,187,1
nickjwhite,10,109,46,1
paperManu,17,359,204,1
riscygeek,14,117,90,1
robiot,13,399,354,1
z3ntu,9,56,17,1
